r_best,r_max,r_avg_full,r_avg_sub,l_avg_full,l_avg_sub,ewma,n_unique_full,n_unique_sub,n_novel_full,n_novel_sub,a_ent_full,a_ent_sub,invalid_avg_full,invalid_avg_sub,baseline,time,nevals
2.427016571164131165e-02,2.427016571164131165e-02,2.530328929424285889e-03,1.313995942473411560e-02,1.099800014495849609e+01,1.072000026702880859e+01,-1.000000000000000000e+00,3.600000000000000000e+02,1.600000000000000000e+01,3.600000000000000000e+02,1.600000000000000000e+01,3.060116529464721680e+00,2.540385484695434570e+00,0.000000000000000000e+00,0.000000000000000000e+00,6.914785597473382950e-03,2.059453887939453125e+02,5.000000000000000000e+02
5.556976050138473511e-02,5.556976050138473511e-02,2.675638068467378616e-03,1.532926131039857864e-02,1.118000030517578125e+01,1.064000034332275391e+01,-1.000000000000000000e+00,3.650000000000000000e+02,1.800000000000000000e+01,3.490000000000000000e+02,1.700000000000000000e+01,3.046585798263549805e+00,2.450424194335937500e+00,0.000000000000000000e+00,0.000000000000000000e+00,6.549961864948272705e-03,2.017482757568359375e+02,1.000000000000000000e+03
5.556976050138473511e-02,4.972375556826591492e-02,2.666639164090156555e-03,1.667622476816177368e-02,1.121800041198730469e+01,9.119999885559082031e+00,-1.000000000000000000e+00,3.600000000000000000e+02,1.500000000000000000e+01,3.440000000000000000e+02,1.400000000000000000e+01,3.057857751846313477e+00,2.524126529693603516e+00,0.000000000000000000e+00,0.000000000000000000e+00,7.256778422743082047e-03,2.007954711914062500e+02,1.500000000000000000e+03
5.556976050138473511e-02,3.863510489463806152e-02,2.316900528967380524e-03,1.178445201367139816e-02,1.089799976348876953e+01,9.520000457763671875e+00,-1.000000000000000000e+00,3.650000000000000000e+02,1.900000000000000000e+01,3.490000000000000000e+02,1.800000000000000000e+01,3.069465160369873047e+00,2.485271215438842773e+00,0.000000000000000000e+00,0.000000000000000000e+00,4.240700975060462952e-03,2.019494934082031250e+02,2.000000000000000000e+03
5.556976050138473511e-02,2.542709559202194214e-02,2.450629370287060738e-03,1.247884333133697510e-02,1.042000007629394531e+01,1.011999988555908203e+01,-1.000000000000000000e+00,3.390000000000000000e+02,1.500000000000000000e+01,3.230000000000000000e+02,1.400000000000000000e+01,3.076145887374877930e+00,2.527914524078369141e+00,0.000000000000000000e+00,0.000000000000000000e+00,4.389248322695493698e-03,1.873415527343750000e+02,2.500000000000000000e+03
