r_best,r_max,r_avg_full,r_avg_sub,l_avg_full,l_avg_sub,ewma,n_unique_full,n_unique_sub,n_novel_full,n_novel_sub,a_ent_full,a_ent_sub,invalid_avg_full,invalid_avg_sub,baseline,time,nevals
4.506269469857215881e-02,4.506269469857215881e-02,2.410113345831632614e-03,1.023845840245485306e-02,1.086999988555908203e+01,1.252000045776367188e+01,-1.000000000000000000e+00,3.520000000000000000e+02,2.000000000000000000e+01,3.520000000000000000e+02,2.000000000000000000e+01,2.774111986160278320e+00,2.312921762466430664e+00,0.000000000000000000e+00,0.000000000000000000e+00,4.304290283471345901e-03,1.981000976562500000e+02,5.000000000000000000e+02
