r_best,r_max,r_avg_full,r_avg_sub,l_avg_full,l_avg_sub,ewma,n_unique_full,n_unique_sub,n_novel_full,n_novel_sub,a_ent_full,a_ent_sub,invalid_avg_full,invalid_avg_sub,baseline,time,nevals
4.967152699828147888e-02,4.967152699828147888e-02,2.382453298196196556e-03,1.154013071209192276e-02,1.077600002288818359e+01,1.096000003814697266e+01,-1.000000000000000000e+00,3.540000000000000000e+02,1.800000000000000000e+01,3.540000000000000000e+02,1.800000000000000000e+01,2.790429115295410156e+00,2.349344253540039062e+00,0.000000000000000000e+00,0.000000000000000000e+00,4.369351081550121307e-03,1.946036682128906250e+02,5.000000000000000000e+02
