r_best,r_max,r_avg_full,r_avg_sub,l_avg_full,l_avg_sub,ewma,n_unique_full,n_unique_sub,n_novel_full,n_novel_sub,a_ent_full,a_ent_sub,invalid_avg_full,invalid_avg_sub,baseline,time,nevals
3.828828781843185425e-02,3.828828781843185425e-02,2.629078226163983345e-03,1.560772303491830826e-02,1.049400043487548828e+01,4.559999942779541016e+00,-1.000000000000000000e+00,3.460000000000000000e+02,7.000000000000000000e+00,3.460000000000000000e+02,7.000000000000000000e+00,2.805691719055175781e+00,2.479132413864135742e+00,0.000000000000000000e+00,0.000000000000000000e+00,7.075338158756494522e-03,1.947204437255859375e+02,5.000000000000000000e+02
