r_best,r_max,r_avg_full,r_avg_sub,l_avg_full,l_avg_sub,ewma,n_unique_full,n_unique_sub,n_novel_full,n_novel_sub,a_ent_full,a_ent_sub,invalid_avg_full,invalid_avg_sub,baseline,time,nevals
4.564865306019783020e-02,4.564865306019783020e-02,2.711016917601227760e-03,1.535798329859972000e-02,1.071399974822998047e+01,7.346153736114501953e+00,-1.000000000000000000e+00,3.560000000000000000e+02,1.300000000000000000e+01,3.560000000000000000e+02,1.300000000000000000e+01,2.793373346328735352e+00,2.480806827545166016e+00,0.000000000000000000e+00,0.000000000000000000e+00,6.453195121139287949e-03,1.950043945312500000e+02,5.000000000000000000e+02
