r_best,r_max,r_avg_full,r_avg_sub,l_avg_full,l_avg_sub,ewma,n_unique_full,n_unique_sub,n_novel_full,n_novel_sub,a_ent_full,a_ent_sub,invalid_avg_full,invalid_avg_sub,baseline,time,nevals
1.982730999588966370e-02,1.982730999588966370e-02,2.391096437349915504e-03,1.126136351376771927e-02,1.077999973297119141e+01,8.960000038146972656e+00,-1.000000000000000000e+00,3.490000000000000000e+02,1.400000000000000000e+01,3.490000000000000000e+02,1.400000000000000000e+01,2.775743722915649414e+00,2.370999097824096680e+00,0.000000000000000000e+00,0.000000000000000000e+00,4.994965624064207077e-03,1.966989135742187500e+02,5.000000000000000000e+02
