r_best,r_max,r_avg_full,r_avg_sub,l_avg_full,l_avg_sub,ewma,n_unique_full,n_unique_sub,n_novel_full,n_novel_sub,a_ent_full,a_ent_sub,invalid_avg_full,invalid_avg_sub,baseline,time,nevals
1.447182986885309219e-02,1.447182986885309219e-02,2.569036791101098061e-03,1.382795814424753189e-02,1.057400035858154297e+01,6.199999809265136719e+00,-1.000000000000000000e+00,3.470000000000000000e+02,1.000000000000000000e+01,3.470000000000000000e+02,1.000000000000000000e+01,2.780802011489868164e+00,2.448820352554321289e+00,0.000000000000000000e+00,0.000000000000000000e+00,6.073210388422012329e-03,1.911414489746093750e+02,5.000000000000000000e+02
