r_best,r_max,r_avg_full,r_avg_sub,l_avg_full,l_avg_sub,ewma,n_unique_full,n_unique_sub,n_novel_full,n_novel_sub,a_ent_full,a_ent_sub,invalid_avg_full,invalid_avg_sub,baseline,time,nevals
3.114951774477958679e-02,3.114951774477958679e-02,2.590202959254384041e-03,1.296866312623023987e-02,9.697999954223632812e+00,8.359999656677246094e+00,-1.000000000000000000e+00,3.270000000000000000e+02,1.500000000000000000e+01,3.270000000000000000e+02,1.500000000000000000e+01,2.818537235260009766e+00,2.413325071334838867e+00,0.000000000000000000e+00,0.000000000000000000e+00,4.994965624064207077e-03,1.789222869873046875e+02,5.000000000000000000e+02
