r_best,r_max,r_avg_full,r_avg_sub,l_avg_full,l_avg_sub,ewma,n_unique_full,n_unique_sub,n_novel_full,n_novel_sub,a_ent_full,a_ent_sub,invalid_avg_full,invalid_avg_sub,baseline,time,nevals
3.719200193881988525e-02,3.719200193881988525e-02,2.717167139053344727e-03,1.642024889588356018e-02,1.099800014495849609e+01,1.123999977111816406e+01,-1.000000000000000000e+00,3.600000000000000000e+02,1.600000000000000000e+01,3.600000000000000000e+02,1.600000000000000000e+01,2.782390832901000977e+00,2.325671911239624023e+00,0.000000000000000000e+00,0.000000000000000000e+00,7.934187538921833038e-03,1.981826171875000000e+02,5.000000000000000000e+02
