r_best,r_max,r_avg_full,r_avg_sub,l_avg_full,l_avg_sub,ewma,n_unique_full,n_unique_sub,n_novel_full,n_novel_sub,a_ent_full,a_ent_sub,invalid_avg_full,invalid_avg_sub,baseline,time,nevals
3.828828781843185425e-02,3.828828781843185425e-02,2.547010313719511032e-03,1.266524381935596466e-02,1.075199985504150391e+01,1.203999996185302734e+01,-1.000000000000000000e+00,3.520000000000000000e+02,1.900000000000000000e+01,3.520000000000000000e+02,1.900000000000000000e+01,2.794752359390258789e+00,2.392126798629760742e+00,0.000000000000000000e+00,0.000000000000000000e+00,4.994965624064207077e-03,1.944848022460937500e+02,5.000000000000000000e+02
