r_best,r_max,r_avg_full,r_avg_sub,l_avg_full,l_avg_sub,ewma,n_unique_full,n_unique_sub,n_novel_full,n_novel_sub,a_ent_full,a_ent_sub,invalid_avg_full,invalid_avg_sub,baseline,time,nevals
4.665161669254302979e-02,4.665161669254302979e-02,2.401288598775863647e-03,9.308150038123130798e-03,1.042199993133544922e+01,6.628571510314941406e+00,-1.000000000000000000e+00,3.480000000000000000e+02,1.600000000000000000e+01,3.480000000000000000e+02,1.600000000000000000e+01,2.788429498672485352e+00,2.575584650039672852e+00,0.000000000000000000e+00,0.000000000000000000e+00,3.942197188735008240e-03,1.908758697509765625e+02,5.000000000000000000e+02
