r_best,r_max,r_avg_full,r_avg_sub,l_avg_full,l_avg_sub,ewma,n_unique_full,n_unique_sub,n_novel_full,n_novel_sub,a_ent_full,a_ent_sub,invalid_avg_full,invalid_avg_sub,baseline,time,nevals
2.499519288539886475e-02,2.499519288539886475e-02,2.518195658922195435e-03,1.219381485134363174e-02,1.052799987792968750e+01,8.479999542236328125e+00,-1.000000000000000000e+00,3.520000000000000000e+02,1.500000000000000000e+01,3.520000000000000000e+02,1.500000000000000000e+01,2.811984777450561523e+00,2.447053432464599609e+00,0.000000000000000000e+00,0.000000000000000000e+00,5.175508558750152588e-03,1.960400848388671875e+02,5.000000000000000000e+02
