r_best,r_max,r_avg_full,r_avg_sub,l_avg_full,l_avg_sub,ewma,n_unique_full,n_unique_sub,n_novel_full,n_novel_sub,a_ent_full,a_ent_sub,invalid_avg_full,invalid_avg_sub,baseline,time,nevals
2.796591632068157196e-02,2.796591632068157196e-02,2.434089314192533493e-03,1.074910722672939301e-02,1.059599971771240234e+01,9.960000038146972656e+00,-1.000000000000000000e+00,3.470000000000000000e+02,1.600000000000000000e+01,3.470000000000000000e+02,1.600000000000000000e+01,2.801258325576782227e+00,2.378860950469970703e+00,0.000000000000000000e+00,0.000000000000000000e+00,4.474784247577190399e-03,1.919282531738281250e+02,5.000000000000000000e+02
