r_best,r_max,r_avg_full,r_avg_sub,l_avg_full,l_avg_sub,ewma,n_unique_full,n_unique_sub,n_novel_full,n_novel_sub,a_ent_full,a_ent_sub,invalid_avg_full,invalid_avg_sub,baseline,time,nevals
3.945970535278320312e-02,3.945970535278320312e-02,2.484578872099518776e-03,1.230129692703485489e-02,1.086999988555908203e+01,9.600000381469726562e+00,-1.000000000000000000e+00,3.630000000000000000e+02,1.800000000000000000e+01,3.630000000000000000e+02,1.800000000000000000e+01,2.772478103637695312e+00,2.311730146408081055e+00,0.000000000000000000e+00,0.000000000000000000e+00,4.311814904212951660e-03,1.997273864746093750e+02,5.000000000000000000e+02
