r_best,r_max,r_avg_full,r_avg_sub,l_avg_full,l_avg_sub,ewma,n_unique_full,n_unique_sub,n_novel_full,n_novel_sub,a_ent_full,a_ent_sub,invalid_avg_full,invalid_avg_sub,baseline,time,nevals
4.617267474532127380e-02,4.617267474532127380e-02,2.730985870584845543e-03,1.634460501372814178e-02,1.022999954223632812e+01,7.519999980926513672e+00,-1.000000000000000000e+00,3.390000000000000000e+02,1.300000000000000000e+01,3.390000000000000000e+02,1.300000000000000000e+01,2.803198575973510742e+00,2.417768001556396484e+00,0.000000000000000000e+00,0.000000000000000000e+00,6.536961067467927933e-03,1.869404449462890625e+02,5.000000000000000000e+02
