r_best,r_max,r_avg_full,r_avg_sub,l_avg_full,l_avg_sub,ewma,n_unique_full,n_unique_sub,n_novel_full,n_novel_sub,a_ent_full,a_ent_sub,invalid_avg_full,invalid_avg_sub,baseline,time,nevals
3.328031301498413086e-02,3.328031301498413086e-02,2.576298080384731293e-03,1.377539895474910736e-02,1.085799980163574219e+01,7.280000209808349609e+00,-1.000000000000000000e+00,3.500000000000000000e+02,1.300000000000000000e+01,3.500000000000000000e+02,1.300000000000000000e+01,2.802391290664672852e+00,2.407713174819946289e+00,0.000000000000000000e+00,0.000000000000000000e+00,5.275127477943897247e-03,1.966173706054687500e+02,5.000000000000000000e+02
