r_best,r_max,r_avg_full,r_avg_sub,l_avg_full,l_avg_sub,ewma,n_unique_full,n_unique_sub,n_novel_full,n_novel_sub,a_ent_full,a_ent_sub,invalid_avg_full,invalid_avg_sub,baseline,time,nevals
2.780107781291007996e-02,2.780107781291007996e-02,2.455240814015269279e-03,1.118506398051977158e-02,1.084399986267089844e+01,1.100000000000000000e+01,-1.000000000000000000e+00,3.550000000000000000e+02,1.900000000000000000e+01,3.550000000000000000e+02,1.900000000000000000e+01,2.783496618270874023e+00,2.334278821945190430e+00,0.000000000000000000e+00,0.000000000000000000e+00,4.661436658352613449e-03,1.977643127441406250e+02,5.000000000000000000e+02
