complexity,r,count_on_policy,count_off_policy,expression,traversal,nmse_test,nmse_test_noiseless,success,f1_score,f1_score_noiseless
1,0.015351262670650965,5498,0,x14,x14,64.71874975930244,64.71874975930244,False,0.015351262670650965,0.015351262670650965
4,0.01552485277409171,1,0,"product_norm(x14, fuzzy_not(x2))","product_norm,x14,fuzzy_not,x2",62.44876581313947,62.44876581313947,False,0.01552485277409171,0.01552485277409171
5,0.049832894057549655,1,0,"fuzzy_not(product_s_implication(x14, x3))","fuzzy_not,product_s_implication,x14,x3",19.238746634360922,19.238746634360922,False,0.049832894057549655,0.049832894057549655
6,0.07501459427904261,1,0,"lukasiewicz_norm(x14, fuzzy_not(product_conorm(x3, x5)))","lukasiewicz_norm,x14,fuzzy_not,product_conorm,x3,x5",3.486950618221268,3.486950618221268,False,0.07501459427904261,0.07501459427904261
7,0.0987602437486867,1,0,"fuzzy_not(godel_s_implication(x14, lukasiewicz_conorm(x2, x9)))","fuzzy_not,godel_s_implication,x14,lukasiewicz_conorm,x2,x9",2.359660965849009,2.359660965849009,False,0.0987602437486867,0.0987602437486867
8,0.1297134238310709,1,0,"lukasiewicz_norm(x14, fuzzy_not(lukasiewicz_s_implication(fuzzy_not(x4), x3)))","lukasiewicz_norm,x14,fuzzy_not,lukasiewicz_s_implication,fuzzy_not,x4,x3",1.9046738782395127,1.9046738782395127,False,0.1297134238310709,0.1297134238310709
11,0.164044364199123,1,0,"fuzzy_not(lukasiewicz_s_implication(x4, lukasiewicz_s_implication(lukasiewicz_norm(x4, fuzzy_not(x3)), x3)))","fuzzy_not,lukasiewicz_s_implication,x4,lukasiewicz_s_implication,lukasiewicz_norm,x4,fuzzy_not,x3,x3",1.7830872441866723,1.7830872441866723,False,0.164044364199123,0.164044364199123
