complexity,r,count_on_policy,count_off_policy,expression,traversal,nmse_test,nmse_test_noiseless,success,f1_score,f1_score_noiseless
2,0.0014416198451581966,1,0,fuzzy_not(x21),"fuzzy_not,x21",708.8722293365499,708.8722293365499,False,0.0014416198451581966,0.0014416198451581966
3,0.013137712570856951,1,0,"fuzzy_and(x9, x1)","fuzzy_and,x9,x1",65.41800291996978,65.41800291996978,False,0.013137712570856951,0.013137712570856951
4,0.014896013719127759,1,0,"fuzzy_and(x21, fuzzy_not(x18))","fuzzy_and,x21,fuzzy_not,x18",64.75599819384021,64.75599819384021,False,0.014896013719127759,0.014896013719127759
5,0.06910365548322485,1,0,"fuzzy_and(fuzzy_not(fuzzy_not(x18)), x1)","fuzzy_and,fuzzy_not,fuzzy_not,x18,x1",6.163606607052836,6.163606607052836,False,0.06910365548322485,0.06910365548322485
7,0.10041232112539412,1,0,"fuzzy_not(fuzzy_not(x18*fuzzy_and(x8, x1)))","fuzzy_not,fuzzy_not,mul,fuzzy_and,x8,x1,x18",4.099124422728881,4.099124422728881,False,0.10041232112539412,0.10041232112539412
9,0.12128922815945715,1,0,"fuzzy_and(fuzzy_and(fuzzy_not(fuzzy_not(x1)), x18), fuzzy_and(x4, x9))","fuzzy_and,fuzzy_and,fuzzy_not,fuzzy_not,x1,x18,fuzzy_and,x4,x9",2.2899395534899547,2.2899395534899547,False,0.12128922815945715,0.12128922815945715
16,0.12773559624832515,1,0,"fuzzy_and(fuzzy_not(x5), fuzzy_and(x4, x1*x16*x18*fuzzy_and(x10, fuzzy_and(x9, x1))))","fuzzy_and,fuzzy_not,x5,fuzzy_and,x4,mul,mul,mul,x18,fuzzy_and,x10,fuzzy_and,x9,x1,x1,x16",2.1584227548097883,2.1584227548097883,False,0.12773559624832515,0.12773559624832515
